1-gig-30-days,money,online,education
addiction-and-friendships,friendship,health,safety
alcohol-dololo,health,friendship,confidence
alone-and-suffering,relationships,career,safety
amandla-youve-got-power,safety,education,rights
are-you-ready-date,love,safety,relationships
are-you-struggling-to-find-direction,confidence,puberty,relationships
be-the-best-to-your-bestie,friendship,relationships,confidence
beat-exam-stress,education,family,goals
beat-the-stress,confidence,goals,health
being-hiv-not-end-world,health,confidence,education
birds-and-bees,health,sex,love
boss-lady-15,confidence,money,goals
bye-felicia,safety,friendship,confidence
cant-find-work,career,confidence,goals
day-life-dj-during-festive-season,career,goals,confidence
dear-mr-president,education,goals,career
defining-you,confidence,relationships,safety
depression-sucks,health,safety,relationships
do-you-boo,beauty,confidence,friendship
do-you-feel-alone-in-the-world,friendship,safety,rights
domestic-goddess,beauty,health,love
dull-wow,beauty,puberty,money
fake-it-till-you-make-it,confidence,goals,career
finish-what-you-start-harder-better-and-faster-way,goals,education,confidence
food-for-lots-of-thought,health,nutrition,education
friend-zone-baeville,friendship,relationships,confidence
fun-and-flexi-side-hustles,money,confidence,goals
get-ahead-in-life-find-a-mentor,relationships,education,career
get-new-year-great-start,health,nutrition,love
getting-art-matter,confidence,love,relationships
getting-crafty,confidence,career,goals
girl-talk,friendship,love,relationships
girls-are-learning-around-the-world,education,confidence,money
goals,money,goals,friendship
good-hair-dont-care,beauty,love,health
growing-your-money,money,goals,confidence
he-loves-me-he-loves-me-not,relationships,love,confidence
he-ready-im-not,sex,relationships,confidence
head-class,education,goals,confidence
healthy-at-home,health,nutrition,safety
healthy-choices-happy-body,health,nutrition,puberty
healthy-food-rulz,health,nutrition,goals
hey-you-natural-beauty,beauty,health,love
how-to-avoid-getting-sick,health,nutrition,relationships
how-to-make-money-and-have-fun-too,money,career,confidence
i-am-chasing-my-dreams,confidence,goals,career
i-brought-light-to-my-whole-village,confidence,career,money
its-not-you-its-me,relationships,confidence,friendship
junkfoodout,health,nutrition,love
ke-december-bossbe-streetwise,safety,confidence,friendship
kiss-and-makeup,friendship,love,relationships
kissandmakeup,friendship,love,relationships
lets-talk-about-sex-babe,sex,relationships,safety
life-kept-getting-worse,rights,safety,career
look-fab-less,money,beauty,confidence
look-in-the-mirror,confidence,relationships,beauty
love-inspiration,love,relationships,confidence
love-letter-myself,confidence,love,beauty
make-great-friendships-in-the-real-world,friendship,online,relationships
miss-money-maker,confidence,money,goals
moms-word,family,relationships,confidence
momstheword,family,relationships,confidence
my-best-friend-is-sick,health,friendship,relationships
my-first-festive-season-mom,confidence,family,friendship
my-phone-my-teacher,education,goals,confidence
no-means-no,rights,sex,safety
normal-boring,confidence,friendship,love
noshame,confidence,sex,puberty
power-you,online,money,career
raise-your-hand,confidence,education,rights
relationship-goals-me-and-mom,relationships,family,confidence
safetyfirst,online,safety,rights
saving-gives-me-freedom,money,confidence,goals
say-something-or-die-trying,confidence,goals,career
scam-alert,online,safety,rights
skeem-saam,friendship,relationships,confidence
so-condom-broke,sex,health,safety
staying-safe-down-there-part-1,sex,health,safety
these-5-tips-help-girls,confidence,goals,career
three-important-things-you-wont-learn-at-school,goals,money,confidence
time-peer-pressure-was-good-me,education,confidence,friendships
we-make-the-world-better,confidence,goals,relationships
when-girls-speak-out,confidence,safety,rights
why-study-hard,education,goals,career
winning,education,goals,confidence
you-can-be-great-with-money,money,education,goals
your-guide-to-saving,money,goals,safety
your-mentor-your-pocket,education,career,goals
your-winning-story,confidence,relationships,love