ako-ang-nagdala-ng-ilaw-sa-buong-nayon-namin,adhikain,pera,edukasyon
isang-ina-noong-siya-ay-16-taong-gulang,adhikain,pera,kumpiyansa
itong-10-mga-himaton-ay-makakatulong-sa-mga-babae,adhikain,trabaho,kumpiyansa
mayroon-ba-kayong-mga-pangarap,adhikain,trabaho,kumpiyansa
meron-akong-99-problems,adhikain,kumpiyansa,pera
4-useful-tricks-para-mataas-ang-makuhang-marka-sa-exams,edukasyon,adhikain,kumpiyansa
ang-mundo-ang-iyong-silid-aralan,edukasyon,kumpiyansa,online
anong-nasa-backpack-mo,edukasyon,kalusugan,kaligtasan
bakit-kailangang-mag-aral-nang-mabuti,edukasyon,trabaho,adhikain
class-na-class,edukasyon,trabaho,adhikain
nandaya-akopaano-na-ngayon,edukasyon,kumpiyansa,adhikain
professor-google-study-buddy-mo,edukasyon,trabaho,adhikain
study-sounds,edukasyon,trabaho,adhikain
5-natural-murang-beauty-products-sa-iyong-kusina,kagandahan,pera,pagmamahal
ang-kulay-ng-kagandahan,kagandahan,kumpiyansa,pagmamahal
grabe-ang-nangyari-sa-balat-ko,kagandahan,kumpiyansa,pagmamahal
tumingin-sa-salamin,kagandahan,pagmamahal,kumpiyansa
ang-power-ng-mga-salita,kaligtasan,karapatan,trabaho
hellooo-saklolooo,kaligtasan,online,kalusugan
mag-isa-nagdurusa,kaligtasan,pakikipagkaibigan,trabaho
maging-super-girl-laban-sa-abuse-part-1,kaligtasan,kalusugan,karapatan
mga-paglusob-putukan-nangyayari-dito,kaligtasan,edukasyon,kumpiyansa
namamana-ba-ang-pang-aabuso,kaligtasan,pamilya,mga relasyon
who-you-gonna-call,kaligtasan,kalusugan,karapatan
5-pagkain-na-pampatalas-ng-isip-tuwing-exams,kalusugan,pangkalusugan,edukasyon
5-paraan-para-malabanan-ang-stress-kapag-exams,kalusugan,edukasyon,adhikain
ang-problema-sa-dandruff,kalusugan,kumpiyansa,kagandahan
ano-ang-nasa-kikay-kit-mo,kalusugan,pagregla,pagdadalaga
are-you-safe-down-there,kalusugan,sex,kaligtasan
ayokong-ma-depress,kalusugan,kumpiyansa,edukasyon
girlessentials-para-sa-prom,kalusugan,pagregla,pagdadalaga
going-crazy-over-mani,kalusugan,kagandahan,pangkalusugan
junk-food-wala-yan,kalusugan,pangkalusugan,kagandahan
paano-maiwasan-ang-sakit,kalusugan,kaligtasan,pangkalusugan
top-10-hindi-wanted-part-1,kalusugan,sex,kaligtasan
top-10-hindi-wanted-part-2,kalusugan,sex,kaligtasan
ang-hindi-ay-hindi,karapatan,kumpiyansa,adhikain
isang-ligtas-maligayang-pasko-sa-inyong-lahat,karapatan,kumpiyansa,mga relasyon
500-na-babae-ang-nagbahagi-ng-kanilang-pangarap,kumpiyansa,adhikain,trabaho
ang-babae-ay-hindi-dapat-maging-isang-alipin,kumpiyansa,adhikain,karapatan
ang-pag-abot-ko-sa-aking-pangarap,kumpiyansa,adhikain,trabaho
ang-paghahayag-ng-babae,kumpiyansa,karapatan,adhikain
ang-pagiging-crafty,kumpiyansa,trabaho,adhikain
ang-tunay-na-ikaw,kumpiyansa,pagmamahal,adhikain
chance-mo-nang-um-art,kumpiyansa,edukasyon,adhikain
first-day-high,kumpiyansa,edukasyon,pakikipagkaibigan
mga-hindi-tinuturo-sa-school,kumpiyansa,adhikain,pera
nahihirapan-ka-bang-humanap-ng-direksyon,kumpiyansa,pagdadalaga,pakikipagkaibigan
newsflash-ang-boring-maging-normal,kumpiyansa,kagandahan,pagmamahal
push-kung-push-how-hidilyn-got-her-medal,kumpiyansa,adhikain,trabaho
takot-nananatili-sa-bahay,kumpiyansa,adhikain,pakikipagkaibigan
totoong-confidence-achieve-mo-yan,kumpiyansa,pakikipagkaibigan,pagmamahal
wala-nang-pangit-ngayon,kumpiyansa,pagmamahal,kagandahn
which-teleserye-character-are-you,kumpiyansa,kagandahan,adhikain
ang-pagmamaliit-gawing-pagmamalaki,kumpiyansa,edukasyon,love
feature-article-pma-girl,kumpiyansa,trabaho,adhikain
ready-ka-na-bang-makipagdate,mga relasyon,pagmamahal,pakikipagkaibigan
baket-netiquette,online,kaligtasan,pakikipagkaibigan
bestie-o-bully,online,kaligtasan,pakikipagkaibigan
mag-hi-ka-sa-bago-mong-online-ates,online,trabaho,kumpiyansa
ang-say-ni-tita,online,kaligtasan,pamilya
ano-ang-netiquette,online,kaligtasan,karapatan
idol-sa-pag-i-internet,online,pakikipagkaibigan,kaligtasan
kakayanin-mo-ito,online,kaligtasan,kumpiyansa
kung-libro-ang-katawan-ko,online,kaligtasan,kagandahan
pagiging-connected-irl,online,pakikipagkaibigan,mga relasyon
share-ignore-hide,online,kaligtasan,pakikipagkaibigan
tv-shows-na-nakakatalino,online,edukasyon,pera
wala-akong-fb-ng-isang-linggo,online,pakikipagkaibigan,kumpiyansa
tapos-kung-tapos,online,adhikain,trabaho
7-na-dahilan-kung-bakit-ang-saya-maging-bata,pagdadalaga,pamilya,edukasyon
ano-ang-nangyayari-sa-aking-tyan,pagdadalaga,kalusugan,kagandahan
ano-ang-pagdadalagapagbibinata,pagdadalaga,pagregla,kalusugan
dalaga-ka-na,pagdadalaga,sex,kalusugan
boses-mo-gamitin-mo,pagmamahal,mga relasyon,karapatan
ang-pagsakit-ng-puson-buwan-buwan,pagregla,kalusugan,kumpiyansa
napahiya-ako-sa-paaralan,pagregla,kumpiyansa,pagdadalaga
sagot-sa-tanong-meron,pagregla,kalusugan,pagdadalaga
tweets-galing-sa-aking-katawan,pagregla,kalusugan,pagdadalaga
usapang-ate-my-first-period,pagregla,kalusugan,kaligtasan
wow-mens,pagregla,kalusugan,pagdadalaga
anatomy-ng-isang-sanitary-napkin,pagregla,pagdadalaga,kalusugan
nagsimula-ka-na-bang-magkaregla,pagregla,kalusugan,pagdadalaga
anatomy-barkada,pakikipagkaibigan,mga relasyon,pagdadalaga
ang-kaibigan-kong-adik,pakikipagkaibigan,kalusugan,kaligtasan
ang-pangakong-pang-beshie,pakikipagkaibigan,pagmamahal,mga relasyon
blogs-same-feather,pakikipagkaibigan,kumpiyansa,trabaho
friend-zone-happy-zone,pakikipagkaibigan,mga relasyon,kumpiyansa
gusto-mo-ba-ng-kaibigan,pakikipagkaibigan,mga relasyon,kumpiyansa
its-not-you-ako-lang-talaga,pakikipagkaibigan,kumpiyansa,mga relasyon
laging-maging-da-best-kay-beshie,pakikipagkaibigan,pagmamahal,mga relasyon
level-ang-fb-friendships,pakikipagkaibigan,online,mga relasyon
magkaibigan-walang-iwanan,pakikipagkaibigan,pagmamahal,mga relasyon
nasa-maling-grupo-ka-ba,pakikipagkaibigan,kumpiyansa,mga relasyon
singkamas,pakikipagkaibigan,kaligtasan,kumpiyansa
ang-buhay-kong-walang-direksyon,pamilya,kumpiyansa,edukasyon
apat-na-bagay-na-kailangan-mong-malaman-tungkol-sa-magulang-mo,pamilya,pagmamahal,pagdadalaga
20-peso-girl-ako,pera,adhikain,edukasyon
ang-kahalagahan-ng-pera,pera,pamilya,pakikipagkaibigan
entrepreneurship-ano-daw,pera,trabaho,adhikain
ibinenta-si-joanna-para-sa-pera,pera,trabaho,karapatan
ipon-banker,pera,trabaho,adhikain
kalakal-werks-summer,pera,trabaho,adhikain
mag-ingat-sa-inggit,pera,pakikipagkaibigan,kumpiyansa
nag-enjoy-ka-na-kumita-ka-pa,pera,adhikain,trabaho
paano-mag-ipon-kasama-ang-isang-kaibigan,pera,pakikipagkaibigan,edukasyon
pag-ipunan-ang-kinabukasan,pera,trabaho,adhikain
palusugin-ang-wallet-mo,pera,trabaho,adhikain
saving-secret-ipon-tips,pera,trabaho,adhikain
usapang-pera-part-1,pera,trabaho,adhikain
usapang-pera-part-2,pera,trabaho,adhikain
terrific-titas,trabaho,adhikain,kumpiyansa
ano-nga-ba-ang-victim-blaming,sex,karapatan,kaligtasan
im-me-ologist,sex,kalusugan,pagdadalaga
wasakin-na-ang-maling-akala-sa-aids-part-1,sex,kalusugan,kaligtasan
wasakin-na-ang-maling-akala-sa-aids-part-2,sex,kalusugan,kaligtasan
yes-no-powers-mo-sa-prom,sex,mga relasyon,pagmamahal
dear-future-me,trabaho,adhikain,kumpiyansa
pangarap-mo-idrowing-mo,trabaho,adhikain,kumpiyansa
your-diploma-awaits,trabaho,adhikain,edukasyon
5-signs-youre-not-ready-have-sex,sex,mga relasyon,pagmamahal
ang-aking-pagsisikap,edukasyon,adhikain,kumpiyansa
ang-iyong-patnubay-sa-pag-impok,pera,ashikain,edukasyon
ang-kalusugan-ay-hindi-lang-isang-salita,kalusugan,edukasyon,pangkalusugan
ang-masustansiyang-pagkain-ay-ang-patakaran,kalusugan,edukasyon,pangkalusugan
ang-mga-lalaki-sa-kanto,kaligtasan,karapatan,kumpiyansa
ang-pagiging-ligtas-online,online,kaligtasan,kumpiyansa
ang-pagiging-newscaster-ang-aking-childhood-dream,adhikain,kumpiyansa,trabaho
ang-pangrap-kong-trabaho,adhikain,kumpiyansa,trabaho
ay-ayokong-makita-ang-boss-ko-sa-facebook,online,kaligtasan,mga relasyon
bakit-kailangan-kong-mag-impok,pera,ashikain,edukasyon
balik-pasok-college-edition,edukasyon,kumpiyansa,pakikipagkaibigan
dapat-bang-makipagkita-ako-sa-nakilala-ko-lang-online,kaligtasan,online,mga relasyon
edukasyon-ang-daan-sa-kaunlaran,edukasyon,kumpiyansa,adhikain
edukasyon-buhay,edukasyon,kumpiyansa,adhikain
feeling-mo-ba-magisa-ka-sa-mundo,kumpiyansa,pakikipagkaibigan,mga relasyon
gawing-kinabukasan-ang-libangan,kumpiyansa,trabaho,pera
gumawa-ng-perfect-na-password,online,kaligtasan,karapatan
gusto-mo-bang-tumulong-sa-pagpapabuti-ng-aming-website,online,pakikipagkaibigan,kumpiyansa
handa-takda-matuto,edukasyon,adhikain,kumpiyansa
health-care,kalusugan,pangkalusugan,pagdadalaga
ipinahiya-ako-sa-paaralan,pagregla,kumpiyansa,pagdadalaga
kayo-ba-ay-minamaltrato,karapatan,kaligtasan,pamilya
lakas-loob,kumpiyansa,adhikain,trabaho
lisp,edukasyon,kumpiyansa,trabaho
maging-simple-disente,kumpiyansa,pagmamahal,pakikipagkaibigan
magkaroon-ng-masayang-pagregla,pagregla,pagdadalaga,kalusugan
malusog-na-isip-malusog-na-katawan-malusog-na-buhay,kalusugan,pangkalusugan,pagdadalaga
nag-meet-kami-sa-fb,online,kaligtasan,pakikipagkaibigan
noong-akoy-grade-8,edukasyon,kumpiyansa,adhikain
old-pringles-can,pera,adhikain,pamilya
opinyon,online,kumpiyansa,pakikipagkaibigan
paano-gamitin-ang-aming-community-features,online,edukasyon,kaligtasan
paano-gawing-exciting-ang-pag-aaral-ngayong-2017,edukasyon,pakikipagkaibigan,kumpiyansa
paano-ko-mapipigilan-ang-mga-facebook-bullies,online,kumpiyansa,pakikipagkaibigan
paano-ma-access-ang-girl-effect-sa-free-basics,online,edukasyon,kumpiyansa
paano-mag-ipon-pag-palagi-kang-gutom,pera,pangkalusugan,adhikain
paano-ninyo-sabihin-ang-hindi,sex,karapatan,kaligtasan
panatilihing-ligtas-ang-inyong-sarili,kaligtasan,pamilya,karapatan
part-one-mula-sa-kalye-ngayon-sa-screen-na,kumpiyansa,trabaho,adhikain
part-two-mula-sa-kalye-ngayon-sa-screen-na,kumpiyansa,trabaho,adhikain
sandata-ng-tiwala,kumpiyansa,edukasyon,adhikain
saving-their-future,pera,pamilya,adhikain
simple-school-year-para-mas-masaya-ang-mga-estudyante,edukasyon,kumpiyansa,pakikipagkaibigan
sobrang-daming-selfies-oo-o-hindi,online,kaligtasan,kagandahan
solas-training,kumpiyansa,adhikain,kaligtasan
spam-scams-viruses-ano-ang-mga-ito,online,kaligtasan,edukasyon
tulong-hinack-ang-facebook-ko,online,kaligtasan,edukasyon
wala-sa-damit-yan,kumpiyansa,karapatan,kagandahan
your-words-competition-winner-1-march-patuloy-ang-pangarap,edukasyon,pera,adhikain
your-words-competition-winner-2-february-lapis-papel,kumpiyansa,kalusugan,pagmamahal
your-words-competition-winner-2-march-pagbabago,pamilya,pagmamahal,mg relasyon
your-words-competition-winner-3-february-reading-books,edukasyon,kumpiyansa,pagdadalaga
your-words-competition-winner-3-march-kahit-babae-ako,kumpiyansa,pakikipagkaibigan,kaligtasan
your-words-competitionwinner-1-february-tanggal-lungkot,kumpiyansa,kalusugan,pamilya
your-words-winner-december-saving-college,edukasyon,pera,pamilya
your-words-winning-entry-1-alkansyang-kawayan,pera,trabaho,adhikain
yourwords-winner-nov-2016-tatlong-paaran-mag-ipon-ng-pera,pera,adhikain,kumpiyansa