500-girls-shared-their-dreams,health,confidence,safety
a-girl-is-not-meant-to-be-the-slave,rights,confidence,relationships
a-mother-at-16,sex,safety,relationships
alone-and-suffering,relationships,career,safety
are-you-a-super-saver,money,goals,education
are-you-a-super-saver-your-answers,money,goals,education
are-you-being-treated-badly,relationships,rights,safety
are-you-in-a-bad-crowd,friendship,confidence,safety
are-you-struggling-to-find-direction,confidence,relationships,puberty
are-your-friends-bad-for-you,friendship,confidence,safety
assaults-shootings-happen-here,safety,education,rights
be-the-best-to-your-bestie,friendship,confidence,relationships
beat-the-stress,goals,health,confidence
cant-find-work,career,goals,confidence
create-the-perfect-password,online,safety,rights
dear-mr-president,education,goals,career
do-you-feel-alone-in-the-world,friendship,safety,rights
do-you-have-dreams,goals,confidence,career
do-you-know-the-truth-about-drugs-and-alcohol,,,
do-you-know-the-truth-about-drugs-and-alcohol-your-answers,,,
do-you-want-friends,friendship,safety,confidence
dos-donts-to-send-pimples-packing,health,beauty,nutrition
easy-tricks-to-save,money,goals,safety
eek-i-dont-want-my-boss-on-my-facebook,online,safety,relationships
food-for-lots-of-thought,health,nutrition,education
get-a-great-career,career,goals,confidence
get-ahead-in-life-find-a-mentor,career,education,relationships
get-moving-be-happy,health,confidence,
girls-are-learning-around-the-world,education,confidence,money
girls-can-do-that,confidence,education,career
girls-were-stronger-together,friendship,career,goals
go-girl-how-to-be-strong-and-powerful,confidence,goals,safety
have-a-happy-period,health,periods,puberty
have-you-started-menstruating,health,periods,puberty
healthy-at-home,health,nutrition,safety
healthy-food-rulz,health,nutrition,goals
help-my-facebook-was-hacked,online,safety,rights
hey-you-natural-beauty,health,beauty,
how-do-i-stop-facebook-bullies,online,rights,safety
how-do-you-say-no,sex,safety,confidence
how-healthy-are-you,health,nutrition,confidence
how-healthy-are-you-your-answers,health,nutrition,confidence
how-to-avoid-getting-sick,health,nutrition,relationships
how-to-make-money-and-have-fun-too,money,career,confidence
how-to-save-with-a-friend,money,relationships,goals
i-am-chasing-my-dreams,career,confidence,goals
i-brought-light-to-my-whole-village,confidence,career,money
i-have-big-dreams-for-my-future,rights,safety,confidence
i-have-no-parents,rights,safety,relationships
i-was-a-popular-girl,friendship,confidence,relationships
i-was-shamed-at-school,puberty,periods,health
joanna-was-sold-for-money,safety,money,family
keep-yourself-safe,safety,relationships,rights
life-kept-getting-worse,rights,safety,career
look-in-the-mirror,confidence,relationships,beauty
make-great-friendships-in-the-real-world,friendship,online,relationships
make-your-community-safe,safety,rights,relationships
my-best-friend-is-sick,health,friendship,relationships
my-life-had-no-direction,rights,family,confidence
my-mentor-changed-my-life,relationships,career,education
my-skins-gone-crazy,health,beauty,puberty
portias-story-an-old-family-remedy-helped-me-start-a-business,career,family,confidence
raise-your-hand,confidence,education,rights
ready-set-learn,education,goals,confidence
scared-and-stuck-at-home,safety,education,career
should-i-meet-someone-i-met-online,online,relationships,safety
spam-scams-viruses-what-are-they,online,safety,rights
start-a-business-with-little-or-no-cash,money,career,goals
staying-safe-online,online,safety,relationships
the-girl-declaration,,,
these-10-tips-help-girls,safety,rights,relationships
those-boys-on-the-corner,safety,relationships,rights
three-important-things-you-wont-learn-at-school,goals,money,confidence
tips-to-rock-your-resume,career,money,goals
too-many-selfies-yes-or-no,online,beauty,safety
we-make-the-world-better,confidence,goals,relationships
what-is-puberty,puberty,health,
whats-happening-to-my-body,puberty,health,beauty
whats-the-best-job-for-you,career,goals,education
when-girls-speak-out,confidence,safety,rights
why-should-i-save,money,goals,career
why-study-hard,education,goals,career
write-a-good-resume,career,education,confidence
you-can-be-great-with-money,money,education,goals
you-have-a-right-to-learn,education,rights,career
your-guide-to-saving,money,goals,safety
your-hobby-can-be-your-future,confidence,career,
5-natural-and-cheap-beauty-products-your-kitchen,health,beauty,money
acne-and-other-stories,health,beauty,nutrition
addiction-and-friendship,health,safety,friendship
are-you-ready-date,relationships,love,safety
be-healthy-be-happy,health,goals,beauty
beauty-comes-all-colors,beauty,confidence,relationships
blood-thicker-water,family,safety,relationships
defining-you,confidence,relationships,safety
depression-sucks,health,safety,relationships
dress-kill,career,goals,confidence
finish-what-you-start-harder-better-and-faster-way,goals,education,
four-things-you-need-know-about-your-parents,family,relationships,
getting-connected-irl,online,friendship,relationships
getting-crafty,confidence,career,
getting-art-matter,confidence,relationships,
going-nuts-over-peanuts,health,nutrition,
growing-not-apart,friendship,relationships,
head-class,education,confidence,goals
how-interview-boss,career,confidence,safety
it-gets-better,online,rights,relationships
its-not-you-its-me,relationships,confidence,friendship
junk-food-so-out,health,nutrition,
making-my-own-money,confidence,career,money
newsflash-normal-boring,confidence,relationships,goals
periodically-pain,puberty,periods,health
relationship-goals-me-and-mom,relationships,family,confidence
say-something-or-die-trying,confidence,goals,career
show-me-money,money,goals,career
stay-safe-down-there,puberty,health,periods
art-letting-go,relationships,friendship,safety
birds-and-bees,health,sex,love
problem-dandruff,health,beauty,relationships
things-you-werent-taught-school,relationships,money,health
tick-tock-tick-tock-why-my-biological-clock-so-messed,puberty,periods,health
what-netiquette,online,safety,relationships
whose-path-should-i-take,family,education,career
