-entrepreneur-series-article-2,uang,karir,online
-the-art-of-letting-go,persahabatan,percaya diri,cinta
10-tips-to-help-girls-become-leaders,percaya diri,persahabatan,tujuan
3-beauty-vlogger-yang-wajib-kalian-subscribe-di-youtube,pendidikan,online,kecantikan
3-fakta-tentang-jakarta-wanita,karir,keamanan,hubungan
3-olahraga-ringan-yang-bisa-kalian-lakuin-tanpa-keluar-kamar,kesehatan,masa pubertas,kecantikan
3-penyair-wanita-indonesia-dan-puisinya,tujuan,percaya diri,karir
3-sikap-santun-saat-teman-berpuasa,persahabatan,hubungan,tujuan
3-sikap-yang-mesti-kamu-punya-sebagai-pencari-kerja,karir,tujuan,uang
3-situs-belajar-coding,karir,pendidikan,uang
4-film-dengan-karakter-perempuan-kuat-tangguh,percaya diri,tujuan,persahabatan
4-keraguan-yang-harus-dijawab-sebelum-ketemuan-sama-teman-internet,persahabatan,online,keamanan
4-kiat-tetap-segar-saat-berpuasa,nutrisi,kesehatan,masa pubertas
4-obat-patah-hati-ala-cewekeren,hubungan,percaya diri,persahabatan
4-website-wajib-buat-kamu-yang-pengen-kerja,karir,tujuan,uang
4-youtube-channel-yang-bisa-bikin-kamu-makin-pintar,online,pendidikan,tujuan
4usefultrickstoaceyourexams,pendidikan,tujuan,masa pubertas
5-all-natural--and-cheap--beauty-products-in-your-kitchen,kecantikan,nutrisi,kesehatan
5-aplikasi-yang-bisa-bantu-kamu-mencapai-resolusi-tahun-baru,tujuan,masa pubertas,percaya diri
5-cara-mengurangi-stres-saat-ujian,pendidikan,tujuan,masa pubertas
5-ide-ngisi-liburan-ala-anak-rumahan,masa pubertas,keluarga,persahabatan
5-makanan-sehat-yang-baik-dikonsumsi-saat-ujian,nutrisi,kesehatan,tujuan
5-quotes-kartini-yang-akan-membuka-pikiranmu,tujuan,hak,masa pubertas
5-tahap-tuk-bilang-bye-ke-masa-lalumu,tujuan,hak,percaya diri
5-trik-untuk-memulai-percakapan-dengan-orang-baru,hubungan,persahabatan,percaya diri
500-girls-shared-their-dreams,tujuan,percaya diri,masa pubertas
6-pertanyaan-penting-yang-paling-sering-ditanyain-saat-wawancara-kerja,karir,tujuan,uang
a-girl-is-not-meant-to-be-a-slave,tujuan,hak,percaya diri
a-mother-at-16,keluarga,tujuan,masa pubertas
ada-yang-aneh-dengan-si-kakak,keluarga,hubungan,masa pubertas
ada-yang-bisa-kubantu,persahabatan,hubungan,cinta
aku-cewek-dan-aku-tomboi,tujuan,percaya diri,hak
aku-harus-lebih-baik,tujuan,percaya diri,karir
aku-ingin-jadi-ahli-botani,karir,tujuan,percaya diri
aku-kamu-adalah-saudara,persahabatan,cinta,hubungan
aku-kecewa-sama-kakak-ku,hubungan,keluarga,masa pubertas
aku-putus-dengan-sahabatku,persahabatan,masa pubertas,hubungan
aku-sempurna-dengan-caraku,percaya diri,tujuan,masa pubertas
akun-resmi-di-line-yang-wajib-kamu-follow,online,masa pubertas,tujuan
alone-and-suffering,masa pubertas,tujuan,persahabatan
always-be-the-best-to-your-bestie,persahabatan,hubungan,masa pubertas
anak-jalanan-adalah-kita,persahabatan,masa pubertas,percaya diri
apa-sih-rahasianya-para-vlogger-kece-itu,tujuan,karir,percaya diri
apa-sih-suka-dukanya-dalam-bikin-usaha,tujuan,uang,karir
apa-yang-ada-di-otakmu,tujuan,percaya diri,hak
apa-yang-kita-bisa-pelajari-dari-wanita-sukses,karir,percaya diri,tujuan
apa-yang-terjadi-ketika-cowok-puber,masa pubertas,hubungan,cinta
aplikasi-android-gratis-yang-berguna-untuk-hidupmu,pendidikan,karir,kesehatan
aplikasi-android-gratis-yang-membantumu-tetap-sehat,kesehatan,nutrisi,online
are-you-being-treated-badly,hak,hubungan,keamanan
are-you-in-a-bad-crowd,keamanan,masa pubertas,hak
are-you-ready-to-date,cinta,hubungan,masa pubertas
are-you-struggling-to-find-direction,masa pubertas,tujuan,percaya diri
artis-perempuan-indonesia-dengan-segudang-prestasi,percaya diri,tujuan,pendidikan
asal-usul-bahasa-indonesia,pendidikan,percaya diri,tujuan
assaults-shootingshappen-here,keamanan,keluarga,hak
aturan-5-detik-pada-makanan,nutrisi,kesehatan,pendidikan
backpacking-keliling-indonesia-kamu-juga-bisa,percaya diri,tujuan,masa pubertas
bahan-bahan-baju-yang-cocok-dipake-di-indonesia,kecantikan,kesehatan,percaya diri
bahayanya-jadi-perokok-pasif,kesehatan,hak,hubungan
bake-it-til-you-make-it,uang,tujuan,percaya diri
balada-pelajaran-matematika,pendidikan,masa pubertas,percaya diri
band-keren-penyelamat-lingkungan,percaya diri,tujuan,hak
bangga-jadi-cewek-indonesia,percaya diri,tujuan,masa pubertas
be-fashion-and-budget-conscious-this-lebaran,uang,kecantikan,percaya diri
beauty-comes-in-all-colors,percaya diri,kecantikan,hak
beberapa-fakta-tentang-sri-wahyuni-agustiani,tujuan,karir,pendidikan
bela-dirimu-sendiri,hak,percaya diri,masa pubertas
belajar-buat-punya-opini-sendiri,percaya diri,hak,tujuan
belajar-itu-nggak-terbatas-hanya-di-ruang-kelas,pendidikan,tujuan,karir
belajar-nentuin-keputusan-buat-masa-depan,tujuan,karir,masa pubertas
belajar-pd-senyum-pake-kawat,percaya diri,kecantikan,masa pubertas
berhenti-main-nggak-menghentikan-angelique-widjaja-menjejak-lapangan-tenis,tujuan,percaya diri,masa pubertas
berkenalan-dengan-zara-zahrina-girlboss-dibalik-shophella,karir,pendidikan,uang
berlatih-wushu-di-gunung-bersalju-bersama-sima-azimi,tujuan,masa pubertas,percaya diri
bersaing-seperti-perempuan,karir,hak,percaya diri
bersuara-lewat-musik,tujuan,karir,masa pubertas
biarkan-indonesia-menari,tujuan,percaya diri,karir
bidadari-tanpa-sayap,masa pubertas,tujuan,percaya diri
bikin-kolase-foto-unik-bareng-kakak-adikmu,keluarga,hubungan,cinta
bikin-orang-lain-bahagia-mudah-kok,masa pubertas,keluarga,cinta
bikin-sekolahmu-hijau-lagi,pendidikan,tujuan,masa pubertas
bikin-teman-teman-kamu-lebih-perhatian-dengan-lingkungan,persahabatan,pendidikan,masa pubertas
bincang-bincang-ringan-bareng-pasangan-kreatif-dari-kineruku,karir,tujuan,cinta
bisnis-bareng-temen-temen-kenapa-tidak,uang,persahabatan,karir
buat-dry-shampoo-mu-sendiri,pendidikan,tujuan,masa pubertas
cara-belajar-terima-pujian,masa pubertas,percaya diri,tujuan
cara-bikin-sahur-road-lebih-bermakna,tujuan,percaya diri,persahabatan
cara-buat-cv-yang-menarik,karir,pendidikan,percaya diri
cara-cara-menghormati-ibu-kartini,hak,tujuan,percaya diri
cara-ganti-nama-tampilanmu-di-situs-girl-effect,tujuan,pendidikan,percaya diri
cara-ganti-pasword-di-situs-girl-effect,pendidikan,percaya diri,tujuan
cara-ikutan-polling-di-situs-girl-effect,hak,pendidikan,tujuan
cara-jitu-sukses-interview-kerja,karir,pendidikan,percaya diri
cara-log-di-situs-girl-effect,pendidikan,tujuan,masa pubertas
cara-mengakses-girl-effect-di-free-basics,pendidikan,percaya diri,tujuan
cara-menggunakan-fitur-dalam-situs-girl-effect,pendidikan,tujuan,percaya diri
cara-menghadapi-kehilangan,tujuan,masa pubertas,percaya diri
cara-menghindari-pergaulan-buruk,keamanan,masa pubertas,tujuan
cara-mengikuti-kompetisi-menulis,tujuan,percaya diri,karir
cara-meninggalkan-komentar,pendidikan,keamanan,masa pubertas
cara-menjaga-kesegaran-tubuh-saat-kerja,kesehatan,karir,percaya diri
cara-mudah-membentuk-alis,kecantikan,percaya diri,masa pubertas
caraku-menghadapi-diabetes,kesehatan,nutrisi,keluarga
cerita-seru-bareng-sally-dan-emily,masa pubertas,tujuan,percaya diri
cintai-diri-sendiri-dan-hatersmu-sebuah-wawancara-dengan-amink,percaya diri,online,hak
cintailah-peninggalan-sejarah-indonesia,pendidikan,tujuan,percaya diri
cita-cita-kini-dan-nanti-cerita-3-wanita-tentang-perubahan-cita-citanya,karir,tujuan,percaya diri
cita-citaku-jadi-guru,tujuan,percaya diri,karir
coding-untuk-masa-depan,pendidikan,online,tujuan
dagangan-habis-terjual-uang-hasil-jualan-sebaiknya-diapain-ya,uang,karir,tujuan
dear-mr-president,pendidikan,tujuan,hak
defining-you,percaya diri,tujuan,masa pubertas
do-you-feel-alone-in-the-world,masa pubertas,tujuan,keluarga
do-you-have-dreams,tujuan,karir,masa pubertas
do-you-want-friends,persahabatan,masa pubertas,hubungan
dua-dunia-talita-setyadi-musik-dan-masak,karir,tujuan,percaya diri
duh-sainganku-banyak-sekali,percaya diri,masa pubertas,tujuan
dunia-teknologi-indonesia-101-dimanakah-perempuan,tujuan,percaya diri,karir
duo-kreatif-yang-mesti-kalian-follow-di-instagram,online,percaya diri,pendidikan
entrepreneur-series-article-1,uang,karir,tujuan
entrepreneur-series-intro,uang,karir,tujuan
entrepreneur-series-supplemental-article-a-introduction-to-entrepreneurship,uang,karir,tujuan
entrepreneur-series-supplemental-article-b1-money-makes-the-world-go-round-part-one,uang,karir,tujuan
entrepreneur-series-supplemental-article-b2-money-makes-the-world-go-round-part-two,uang,karir,tujuan
entrepreneur-series-supplemental-article-c-the-risk-of-doing-what-you-love,uang,karir,tujuan
feasting-during-the-festive-season,tujuan,keluarga,persahabatan
film-yang-bikin-kamu-belajar-menghadapi-perubahan,tujuan,percaya diri,keluarga
four-things-you-need-to-know-about-your-parents,keluarga,kesehatan,cinta
galentines-day,persahabatan,cinta,hak
games-seru-buat-ngabuburit,keluarga,hubungan,masa pubertas
gaya-rambut-untuk-hang-out-di-malam-minggu,kecantikan,percaya diri,masa pubertas
gaya-rambut-yang-sesuai-sama-bentuk-wajah-kamu,kecantikan,percaya diri,masa pubertas
get-closer-feel-better,hubungan,masa pubertas,cinta
getting-connected-irl,hubungan,cinta,persahabatan
getting-crafty,pendidikan,tujuan,percaya diri
getting-to-the-art-of-the-matter,tujuan,karir,pendidikan
gimana-cara-supaya-usaha-aku-diketahui-banyak-orang,percaya diri,online,tujuan
gimana-kalau-dagangan-ku-kurang-laku,uang,karir,tujuan
going-nuts-over-peanuts,kesehatan,nutrisi,kecantikan
growing-up-not-apart,persahabatan,hubungan,keluarga
hal-hal-dasar-di-hidup-yang-perlu-cewek-kuasai,tujuan,percaya diri,masa pubertas
hal-hal-sederhana-yang-bisa-kamu-lakukan-buat-menyelamatkan-bumi,tujuan,pendidikan,keluarga
hal-hal-seru-yang-bisa-kamu-lakukan-bareng-temen-temen-tanpa-harus-keluar-banyak-uang,persahabatan,keluarga,tujuan
hal-hal-yang-aku-pelajari-dari-temanku-yang-berketurunan-tionghoa,persahabatan,tujuan,keluarga
hal-hal-yang-bisa-kamu-lakukan-biar-cv-kamu-makin-menarik,karir,percaya diri,tujuan
hal-kecil-sepele-tapi-berharga,tujuan,keluarga,pendidikan
hal-kecil-untuk-lingkunganku,pendidikan,tujuan,keluarga
hal-penting-yang-nggak-diajarin-di-sekolah,tujuan,hak,pendidikan
harus-gimana-kalo-lagi-stress,masa pubertas,keluarga,tujuan
have-you-started-mestruating-,menstruasi,kesehatan,masa pubertas
hei-aku-butuh-waktuku-sendiri,hak,pendidikan,keamanan
hidup-sehat-nggak-perlu-mahal,kesehatan,nutrisi,pendidikan
hobi-baru-buat-berakhir-pekan,tujuan,masa pubertas,keluarga
how-do-you-say-no,hak,keamanan,tujuan
how-to-avoid-getting-sick,kesehatan,masa pubertas,nutrisi
how-to-have-fun-and-make-some-money-too-,tujuan,uang,masa pubertas
how-to-make-mudik-an-adventure,keluarga,masa pubertas,tujuan
i-am-chasing-my-future,tujuan,hak,pendidikan
i-brought-light-to-my-village,tujuan,pendidikan,keluarga
i-got-99-problems,masa pubertas,keluarga,hubungan
i-have-big-dreams,tujuan,masa pubertas,pendidikan
i-have-no-parents,keluarga,hak,masa pubertas
i-want-be-better,tujuan,percaya diri,pendidikan
i-was-a-popular-girl,masa pubertas,percaya diri,persahabatan
i-was-shamed-at-school,masa pubertas,percaya diri,persahabatan
ide-dekorasi-buat-kalian-yang-berbagi-kamar,persahabatan,tujuan,masa pubertas
idolaku-super-junior,masa pubertas,keluarga,cinta
ima-matul-maisaroh-perempuan-asal-indonesia-yang-menjadi-penasihat-obama-di-gedung-putih,karir,tujuan,percaya diri
impianku,tujuan,percaya diri,masa pubertas
ir-sri-woro-b-harijono-msc-ahli-meteorologi-perempuan-pertama-di-indonesia,karir,percaya diri,tujuan
iya-aku-nyontek-terus-sekarang-gimana,pendidikan,masa pubertas,keluarga
jadi-aneh-hanya-karena-punya-mimpi,percaya diri,pendidikan,tujuan
jadi-nomer-1-di-kelas,pendidikan,tujuan,percaya diri
jadi-pendengar-yang-baik-yuk,persahabatan,hubungan,masa pubertas
jadi-sehat-dan-bahagia,kesehatan,percaya diri,hubungan
jalan-mana-yang-harus-aku-pilih,tujuan,percaya diri,keluarga
jangan-ragu-pergi-sendiri,tujuan,percaya diri,masa pubertas
jerawat-lagi-lagi-jerawat,kecantikan,kesehatan,menstruasi
joanna-was-sold-for-money,keluarga,hak,tujuan
junk-food-is-so-out,kesehatan,nutrisi,menstruasi
kado-untuk-pita,persahabatan,masa pubertas,hubungan
kakak-dan-aku-ngerubah-rumah-jadi-spa-pribadi,keluarga,masa pubertas,kecantikan
kakakku-depresi,keluarga,masa pubertas,keamanan
kakakku-idolaku-no1,keluarga,percaya diri,masa pubertas
kampanye-anti-bolos,pendidikan,masa pubertas,tujuan
kamu-bertanya-kakek-nenek-menjawab,keluarga,tujuan,hubungan
karateka-dalam-euforia-sma,pendidikan,masa pubertas,kesehatan
karena-menimba-ilmu-tak-kenal-umur,tujuan,pendidikan,karir
karir-yang-nggak-pernah-kalian-pikirkan-ahli-taksonomi-bambu-prof-elizabeth-anita-widjaja,karir,tujuan,pendidikan
karir-yang-nggak-pernah-kalian-pikirkan-ibu-soed-dan-480-lagu-anak-ciptaannya,karir,keluarga,tujuan
kawan-baru-di-sma,persahabatan,hubungan,masa pubertas
kayaknya-orang-tuaku-lebih-sayang-adik-daripada-aku,keluarga,masa pubertas,percaya diri
keep-yourself-safe,keamanan,percaya diri,online
keeping-the-kartini-spirit-alive,tujuan,percaya diri,karir
kenali-pemadam-kebakaran,karir,pendidikan,keluarga
kenapa-aku-beda-sendiri,masa pubertas,percaya diri,keluarga
kenapa-cuma-aku-yang-belum-dapat-haid,menstruasi,kesehatan,masa pubertas
kenapa-ya-banyak-orang-gagal-usahanya,uang,karir,tujuan
kerajinan-tangan-dari-cd-bekas,pendidikan,tujuan,uang
keselamatanmu-itu-nomer-satu,keamanan,keluarga,masa pubertas
ketemu-orang-tua-pacar,cinta,hubungan,masa pubertas
komunitas-di-indonesia-yang-isinya-cewek-semua,persahabatan,keluarga,masa pubertas
kue-membawa-keceriaan,keluarga,tujuan,persahabatan
kulit-lebih-sehat-dengan-4-cara-mudah,kecantikan,kesehatan,nutrisi
kunci-sukses-usaha,uang,karir,percaya diri
lika-liku-hijab-di-indonesia-semasa-ibuku-remaja,keluarga,percaya diri,masa pubertas
lindswell-kwok-takes-the-world-by-storm-with-her-wushu-tricks,percaya diri,tujuan,karir
lirik-emosional,masa pubertas,cinta,persahabatan
maaf-dari-hati-di-hari-yang-fitri,keluarga,persahabatan,hubungan
makan-ini-jangan-itu,kesehatan,nutrisi,tujuan
make-your-community-safe,keluarga,hubungan,keamanan
mantra-penegasan-diri-hanya-untuk-kamu,percaya diri,masa pubertas,keluarga
membesarkan-mereka-membesarkan-saya,tujuan,percaya diri,karir
mencari-bra-yang-tepat-buat-kamu,kesehatan,kecantikan,masa pubertas
mengamati-kepribadian-seseorang-itu-menyenangkan,hubungan,masa pubertas,tujuan
mengenal-ibm-indonesia,pendidikan,tujuan,karir
mengubah-karakter-anak,keluarga,tujuan,hubungan
menjadi-polisi-sampah-saat-polusi-sampah,pendidikan,tujuan,kesehatan
menjaga-silaturahmi-ala-orang-desa,keluarga,hubungan,persahabatan
menulis-diary-itu-menyenangkan,masa pubertas,tujuan,cinta
menulis-dunia-baru,tujuan,karir,percaya diri
meracik-teknologi-sains-kepedulian-reblood,pendidikan,tujuan,karir
merasa-tertekan-buat-ngurusin-badan,masa pubertas,kesehatan,kecantikan
merayakan-hari-braille-dunia-bersama-siti-masyita,tujuan,persahabatan,pendidikan
merayakan-ibu-super-di-hari-ibu,keluarga,cinta,tujuan
merayakan-sajak-sajak-cinta-indonesia-di-hari-kasih-sayang,cinta,pendidikan,masa pubertas
minum-ini-jangan-itu,kesehatan,nutrisi,masa pubertas
mixtape-wajib-saat-mudik,keluarga,masa pubertas,tujuan
ms-tech-1,pendidikan,tujuan,karir
ms-tech-2,pendidikan,tujuan,karir
ms-tech-3,pendidikan,tujuan,karir
ms-tech-4,pendidikan,tujuan,karir
ms-tech-5,pendidikan,tujuan,karir
ms-tech-6,pendidikan,tujuan,karir
ms-tech-7,pendidikan,tujuan,karir
ms-tech-8,pendidikan,tujuan,karir
my-best-friend-is-sick,persahabatan,masa pubertas,kesehatan
my-life-without-direction,masa pubertas,tujuan,keluarga
my-skins-gone-crazy,kecantikan,kesehatan,masa pubertas
nabung-bareng-gengmu-kenapa-enggak,uang,persahabatan,tujuan
nabung-untuk-sesuatu-yang-berarti,uang,tujuan,masa pubertas
nenekku-pahlawanku,keluarga,tujuan,masa pubertas
newsflash-normal-is-boring,masa pubertas,tujuan,keluarga
ngehasilin-duit-sendiri-siapa-takut,uang,tujuan,percaya diri
ngerayain-hari-natal-bareng-sahabatku,persahabatan,keluarga,hubungan
nggak-usah-iri-sama-prestasi-orang-lain,tujuan,percaya diri,masa pubertas
ngobrol-bareng-fatriana-dari-balletcats,uang,tujuan,percaya diri
ngobrol-sama-ucita-pohan,tujuan,percaya diri,kecantikan
ngobrol-santai-bareng-seniman-kolase-ika-vantiani,karir,tujuan,percaya diri
ngobrolin-atlet-legendaris-susi-susanti,karir,tujuan,uang
ngobrolin-dunia-kerja-dan-penjurusan-bareng-ina-liem-dari-jurusankucom,karir,tujuan,percaya diri
ngobrolin-kota-makanan-dan-jamur-bareng-annisa-dari-growbox,tujuan,kesehatan,uang
ngobrolin-soal-kerja-sosial-media-olahraga-sama-finna-yudharisman,tujuan,karir,kesehatan
no-means-no,tujuan,karir,masa pubertas
nomor-telepon-yang-wajib-ada-di-speed-dial-mu,pendidikan,keamanan,tujuan
numbuh-bulu-di-ketiak-siapa-takut,kecantikan,kesehatan,percaya diri
oops-dagangan-kita-ada-yang-rusak,uang,karir,tujuan
pahlawan-anti-gravitasi,tujuan,karir,masa pubertas
pahlawan-tanpa-tanda-jasa-2,tujuan,pendidikan,karir
pantang-menyerah-walau-tidak-bisa-melanjutkan-pendidikan,tujuan,percaya diri,karir
part-1-aku-memiliki-kecantikanku-sendiri,percaya diri,masa pubertas,tujuan
part-1-dari-jalanan-ke-layar-lebar,tujuan,masa pubertas,karir
part-1-sahabatku-hamil-dan-berhenti-sekolah,masa pubertas,persahabatan,keamanan
part-1-she-real-wondermom,keluarga,tujuan,masa pubertas
part-1-teman-dari-sebuah-keberanian,persahabatan,tujuan,masa pubertas
part-2-aku-memiliki-kecantikan-ku-sendiri,percaya diri,masa pubertas,tujuan
part-2-dari-jalanan-ke-layar-lebar,tujuan,masa pubertas,karir
part-2-sahabatku-hamil-dan-berhenti-sekolah,masa pubertas,persahabatan,keamanan
part-2-she-real-wondermom,keluarga,tujuan,masa pubertas
part-3-sahabatku-hamil-dan-berhenti-sekolah,masa pubertas,persahabatan,keamanan
part-3-she-real-wondermom,keluarga,tujuan,masa pubertas
part-4-she-real-wondermom,keluarga,tujuan,masa pubertas
pasukan-oranye,keluarga,tujuan,karir
pencari-harta-karun-laut-yosmina-tapilatu,tujuan,percaya diri,karir
pentingnya-kehadiran-perempuan-di-dunia-teknologi-indonesia,karir,percaya diri,tujuan
pentingnya-ketawa,masa pubertas,kesehatan,kecantikan
pentingnya-menjaga-lingkunganmu-biar-aman-247,keamanan,keluarga,tujuan
perempuan-perempuan-muda-inspiratif-dari-berbagai-belahan-dunia,tujuan,percaya diri,karir
periodically-in-pain,menstruasi,masa pubertas,kesehatan
persiapan-saat-tinggal-jauh-dari-rumah-urusan-harian,tujuan,keluarga,masa pubertas
pesan-tersembunyi-dari-film-animasi-kesukaanmu,keluarga,persahabatan,cinta
pintu-matematika-sudah-kuketuk,pendidikan,tujuan,percaya diri
playlist-untuk-menemani-keseharian-kalian,masa pubertas,tujuan,kesehatan
podcast-dari-penjuru-dunia-yang-wajib-kamu-dengerin,pendidikan,tujuan,masa pubertas
pohon-dan-lingkungan,pendidikan,keamanan,tujuan
pratiwi-sudarmono-pahlawan-indonesia-yang-terlupakan,pendidikan,tujuan,masa pubertas
prestasi-besar-kecil-yang-berhasil-kami-raih-di-2016,tujuan,percaya diri,masa pubertas
princess-leia-mengajariku,tujuan,hak,keamanan
produk-kecantikan-lokal-yang-ramah-lingkungan,tujuan,kecantikan,kesehatan
profesi-masa-depan-vertical-gardener,karir,tujuan,uang
punahnya-burung-burung-indonesia,pendidikan,kesehatan,tujuan
ranking-naik,pendidikan,tujuan,percaya diri
relationship-goals-aku-dan-ibu,keluarga,masa pubertas,cinta
resep-kotak-bekal-seru-buat-memulai-hari,kesehatan,nutrisi,masa pubertas
resolusi-2017-aku-dan-orang-di-sekitarku,tujuan,hubungan,percaya diri
resolusi-2017-aku-dan-tabunganku,uang,tujuan,percaya diri
resolusi-2017-jadi-lebih-sehat,kesehatan,nutrisi,tujuan
resolusi-2017-sekolah-dan-masa-depanku,tujuan,pendidikan,karir
resolusi-untuk-forum-anak,tujuan,percaya diri,masa pubertas
saatnya-buat-puasa-dari-sosial-media,online,keamanan,tujuan
saatnya-cinta-sama-diri-sendiri,tujuan,masa pubertas,keluarga
sarinah-siapakah-dia,pendidikan,tujuan,cinta
say-something-or-die-trying,tujuan,percaya diri,hak
scared-and-stuck-at-home,masa pubertas,keluarga,percaya diri
science-vs-humanities,pendidikan,tujuan,hak
secret-my-life,masa pubertas,hak,tujuan
sedikit-demi-sedikit-lama-lama-banyak-duit,uang,tujuan,pendidikan
sedikit-tentang-sri-mulyani,pendidikan,tujuan,percaya diri
sedikit-tentang-susi-pudjiastuti,pendidikan,tujuan,percaya diri
segala-hal-yang-kamu-perlu-tau-tentang-universitas,pendidikan,tujuan,hak
sehat-dan-seneng-seneng-bareng-ayah,keluarga,hubungan,kesehatan
selamat-tinggal-l-i-b-u-r-n,masa pubertas,tujuan,pendidikan
selesaikan-apa-telah-kalian-mulai-jangan-hobi-nunda,tujuan,percaya diri,karir
semua-yang-kamu-perlu-tau-tentang-pmi,pendidikan,tujuan,kesehatan
senang-sedihnya-punya-teman-sekamar,persahabatan,hubungan,masa pubertas
seorang-gadis-dengan-sejuta-pertanyaan-terpendam,masa pubertas,kesehatan,tujuan
sepenggal-kisah-seabrek-kenangan,masa pubertas,tujuan,hubungan
serunya-infused-water,pendidikan,tujuan,kesehatan
serunya-memiliki-kakak-adik-yang-semuanya-perempuan,keluarga,hubungan,masa pubertas
siklus-haid-barengan-mungkin-nggak-sih,menstruasi,masa pubertas,kesehatan
style-hijab-modern-untuk-keseharianmu,kecantikan,percaya diri,masa pubertas
suami-istri-kreatif-pendiri-hijup-dan-bukapalak-diajeng-lestariachmad-zaky,keluarga,karir,tujuan
sudah-tertawa-sampe-nangis-belum-hari-ini,kesehatan,masa pubertas,tujuan
sulap-lingkunganmu-jadi-lebih-nyaman,tujuan,pendidikan,keluarga
sumber-lain-untuk-belajar-selain-sekolah,pendidikan,tujuan,online
super-people,tujuan,percaya diri,karir
surat-untuk-benazir-bhutto,tujuan,percaya diri,pendidikan
suuuit-neng-mau-kemana-dan-problema-lainnya,hak,keamanan,masa pubertas
syok-pindah-ke-jakarta,kesehatan,masa pubertas,keluarga
take-a-look-in-the-mirror,masa pubertas,percaya diri,tujuan
tamasya-keliling-kota-itu-baru-nggak-biasa,masa pubertas,keluarga,tujuan
tampil-modis-dan-kece-saat-interview-kerja,kecantikan,karir,uang
tech-girlgang,persahabatan,tujuan,pendidikan
teman-masa-kecil-adalah-teman-yang-terbaik,persahabatan,hubungan,cinta
tetap-dekat-walaupun-jauh,hubungan,cinta,persahabatan
tetep-gaya-pas-musim-hujan,kecantikan,percaya diri,kesehatan
the-girls-declaration,hak,tujuan,percaya diri
the-problem-with-dandruff,kecantikan,kesehatan,masa pubertas
the-value-of-money,uang,tujuan,masa pubertas
things-kept-getting-worse,masa pubertas,tujuan,keluarga
those-boys-on-the-corner,masa pubertas,hubungan,tujuan
tidak-sebahagia-kalian,masa pubertas,keluarga,tujuan
tik-tok-tik-tok-aduh-kenapa-jam-biologisku-kacau-banget-ya,kesehatan,kecantikan,masa pubertas
tips-belanja-sepatu-agar-nyaman-dipakai,kesehatan,masa pubertas,kecantikan
tips-berpacaran-ala-girl-effect,masa pubertas,cinta,hubungan
tips-biar-gak-telat-ke-sekolah,tujuan,pendidikan,masa pubertas
tips-menjaga-diri-untuk-yang-tinggal-jauh-dari-keluarga,keamanan,masa pubertas,hak
tips-merawat-kesehatan-gigi,kesehatan,kecantikan,nutrisi
tips-tidur-nyenyak-sampai-pagi,kesehatan,kecantikan,masa pubertas
tips-tips-dari-sally-dan-emily,tujuan,percaya diri,masa pubertas
trik-makeup-natural-yang-mesti-kalian-coba,kecantikan,percaya diri,masa pubertas
trinity-si-traveler-yang-nekad,tujuan,percaya diri,karir
tunjukkan-cinta-untuk-para-perawat,karir,tujuan,hubungan
wah-gawat-rumahku-kebanjiran,keamanan,keluarga,kesehatan
wah-lihat-ilmuwan-itu,pendidikan,tujuan,karir
wawancara-dengan-karin-dari-jakarta-animal-aid-network,tujuan,pendidikan,hak
what-is-happening-in-my-belly,kesehatan,nutrisi,masa pubertas
what-is-netiquette,online,keamanan,hak
what-is-puberty,masa pubertas,pendidikan,kesehatan
when-girls-speak-out,hak,tujuan,percaya diri
why-study-so-hard,tujuan,pendidikan,percaya diri
womens-march-jakarta-2017-apa-yang-terjadi,hak,percaya diri,tujuan
yang-kamu-mesti-lakuin-saat-merasa-gak-aman,keamanan,hak,percaya diri
yang-nggak-kalian-tau-dari-penyakit-yang-nggak-tampak,kesehatan,masa pubertas,nutrisi
your-hobby-can-be-your-future,karir,tujuan,uang
yourwords-entry-anak-mageran-pergi-ke-keraton,tujuan,masa pubertas,percaya diri
yourwords-entry-keranjang-uang,uang,tujuan,karir
yourwords-entry-layang-layang-ramadhan,tujuan,percaya diri,keluarga
yourwords-entry-ngabuburit-bareng-sahabat,persahabatan,hubungan,masa pubertas
yourwords-entry-senyum-ketulusan,percaya diri,masa pubertas,hubungan
yourwords-entry-untuk-pertama-dan-terakhir,tujuan,percaya diri,masa pubertas
yuk-baca-ulang-buku-masa-kecilmu,masa pubertas,tujuan,masa pubertas