3-important-things-you-can-learn-your-mum,family,education,goals
3-ways-politely-turn-down-advances-boys,safety,relationships,puberty
4-easy-ways-stop-body-odour,health,puberty,confidence
4-ways-be-role-model-your-community,goals,friendship,career
5-affordable-gifts-mothers-day,family,relationships,love
5-funny-nigerian-health-myths,health,nutrition,education
5-myths-about-boys,puberty,relationships,love
5-myths-about-pregnancy,puberty,sex,health
5-steps-turn-pastime-profit,money,career,goals
5-ways-make-sure-you-dont-get-stained,period,puberty,confidence
500-girls-shared-their-dreams,health,confidence,safety
a-girl-is-not-meant-to-be-the-slave,rights,confidence,relationships
a-mother-at-16,sex,safety,relationships
advice-about-your-period-you-can-ignore,period,puberty,health
alone-and-suffering,relationships,career,safety
are-you-being-treated-badly,relationships,rights,safety
are-you-in-a-bad-crowd,friendship,confidence,safety
are-you-ready-big-p,period,puberty,health
are-you-struggling-to-find-direction,confidence,relationships,puberty
are-your-friends-bad-for-you,friendship,confidence,safety
assaults-shootings-happen-here,safety,education,rights
be-healthy-be-happy,health,nutrition,confidence
be-the-best-to-your-bestie,friendship,confidence,relationships
beat-the-stress,goals,health,confidence
big-girls-do-cry,puberty,period,confidence
blood-thicker-water,family,relationships,friendship
cant-find-work,career,goals,confidence
create-the-perfect-password,online,safety,rights
dear-mr-president,education,goals,career
do-you-feel-alone-in-the-world,friendship,safety,rights
do-you-have-dreams,goals,confidence,career
do-you-want-friends,friendship,safety,confidence
dos-and-donts-deal-pimples,puberty,beauty,nutrition
dos-donts-to-send-pimples-packing,health,beauty,nutrition
easy-tricks-to-save,money,goals,safety
eek-i-dont-want-my-boss-on-my-facebook,online,safety,relationships
food-for-lots-of-thought,health,nutrition,education
funny-period-stories,period,puberty,health
get-a-great-career,career,goals,confidence
get-ahead-in-life-find-a-mentor,goals,career,education
get-moving-be-happy,career,education,relationships
girls-are-learning-around-the-world,education,confidence,money
girls-can-do-that,confidence,education,career
girls-were-stronger-together,friendship,career,goals
growing-not-apart,friendship,relationships,confidence
have-you-started-menstruating,health,periods,puberty
healthy-at-home,health,nutrition,safety
healthy-food-rulz,health,nutrition,goals
help-my-facebook-was-hacked,online,safety,rights
help-us-make-the-girl-effect-community-stronger,friendship,online,rights
hey-you-natural-beauty,health,beauty,confidence
hobby,career,money,confidence
how-be-strong-and-powerful,confidence,goals,family
how-do-i-stop-facebook-bullies,online,rights,safety
how-do-you-say-no,sex,safety,rights
how-i-learnt-trade-my-mother,family,money,career
how-i-turned-my-free-time-fun-time,friendship,money,confidence
how-to-avoid-getting-sick,health,nutrition,relationships
how-to-enjoy-your-period,puberty,periods,confidence
how-to-make-money-and-have-fun-too,money,career,confidence
how-to-save-with-a-friend,money,relationships,goals
how-top-nigerian-comedian-chigul-made-difference-her-field,career,goals,confidence
i-am-chasing-my-dreams,career,confidence,goals
i-am-special-i-am-me,confidence,rights,beauty
i-brought-light-to-my-whole-village,confidence,career,money
i-have-big-dreams-for-my-future,rights,safety,confidence
i-have-no-parents,rights,safety,relationships
i-was-a-popular-girl,friendship,confidence,relationships
i-was-shamed-at-school,puberty,periods,health
it-okay-have-sponsors,safety,money,rights
joanna-was-sold-for-money,safety,money,family
keep-him-friend-zone-minus-drama,safety,relationships,friendship
keep-yourself-safe,safety,relationships,rights
learn-laugh-yourself,confidence,goals,puberty
life-kept-getting-worse,rights,safety,career
look-in-the-mirror,confidence,relationships,beauty
make-great-friendships-in-the-real-world,friendship,online,relationships
make-your-community-safe,safety,rights,relationships
mum-guess-what,puberty,periods,health
mummy-love,safety,love,relationships
my-best-friend-is-sick,health,friendship,relationships
my-life-had-no-direction,rights,family,confidence
my-mentor-changed-my-life,relationships,career,education
my-skins-gone-crazy,health,beauty,puberty
portias-story-an-old-family-remedy-helped-me-start-a-business,career,family,confidence
questions-ask-mama-about-menstruation,periods,puberty,health
raise-your-hand,confidence,education,rights
ready-set-learn,education,goals,confidence
scared-and-stuck-at-home,safety,education,career
should-i-meet-someone-i-met-online,online,relationships,safety
spam-scams-viruses-what-are-they,online,safety,rights
start-a-business-with-little-or-no-cash,money,career,goals
staying-safe-online,online,safety,relationships
the-girl-declaration,confidence,career,goals
these-10-tips-help-girls,safety,rights,relationships
things-you-werent-taught-school,confidence,goals,money
those-boys-corner,safety,rights,confidence
three-important-things-you-wont-learn-at-school,goals,money,confidence
tick-tock-tick-tock-why-my-biological-clock-so-messed,period,puberty,confidence
tips-to-rock-your-resume,career,money,goals
too-many-selfies-yes-or-no,online,beauty,safety
we-make-the-world-better,confidence,goals,relationships
what-happening-my-belly,period,puberty,health
what-is-puberty,puberty,periods,health
whats-happening-to-my-body,puberty,health,beauty
whats-the-best-job-for-you,career,goals,education
when-girls-speak-out,confidence,safety,rights
when-it-okay-get-married,rights,relationships,love
whose-path-should-i-choose,career,goals,confidence
why-should-i-save,money,goals,career
why-study-hard,education,goals,career
write-a-good-resume,career,education,confidence
you-can-be-great-with-money,money,education,goals
you-have-a-right-to-learn,education,rights,career
your-guide-to-saving,money,goals,safety
your-mum-can-be-your-best-friend,family,puberty,relationships
yourwords-entry-boys-and-girls-could-be-friends,relationships,friendship,love
yourwords-entry-the-unforgetable-angel,,,